Workbook

Sheet Invoice Data
A1: ACCOUNTS PAYABLE — VENDOR INVOICE TRACKER
A2: Invoice No. | B2: Vendor Name | C2: Invoice Date | D2: Due Date | E2: Amount (₹) | F2: Amount Paid (₹) | G2: Balance Due (₹) | H2: Days to Due / Overdue | I2: AP Aging Bucket | J2: Payment Status | K2: Remarks | L2: Priority | M2: Payment Method
A3: INV-2001 | B3: Tata Steel Ltd | C3: 2025-01-08 | D3: 2025-02-07 | E3: 92000 | F3: 92000 | G3: =E3-F3 -> 0 | H3: =IF(G3<=0,"-",IF(TODAY()>D3,TODAY()-D3,D3-TODAY())) -> - | I3: =IF(G3<=0,"Paid",IF(TODAY()<D3,"Not Yet Due",IF(TODAY()-D3<=30,"1-30 Days Overdue",IF(TODAY()-D3<=60,"31-60 Days Overdue",IF(TODAY()-D3<=90,"61-90 Days Overdue","90+ Days Overdue"))))) -> Paid | J3: =IF(G3<=0,"Paid",IF(TODAY()<D3,"Upcoming","Overdue")) -> Paid | K3: =IF(I3="Paid","Payment completed",IF(I3="Not Yet Due","Schedule payment before due date",IF(I3="1-30 Days Overdue","Initiate payment immediately",IF(I3="31-60 Days Overdue","Urgent: contact vendor",IF(I3="61-90 Days Overdue","Escalate to Finance Manager","Legal / penalty risk"))))) -> Payment completed | L3: =IF(I3="Paid","-",IF(I3="Not Yet Due","Low",IF(I3="1-30 Days Overdue","Medium",IF(I3="31-60 Days Overdue","High","Critical")))) -> - | M3: NEFT
A4: INV-2002 | B4: Infosys BPO | C4: 2025-01-12 | D4: 2025-02-11 | E4: 135000 | F4: 135000 | G4: =E4-F4 -> 0 | H4: =IF(G4<=0,"-",IF(TODAY()>D4,TODAY()-D4,D4-TODAY())) -> - | I4: =IF(G4<=0,"Paid",IF(TODAY()<D4,"Not Yet Due",IF(TODAY()-D4<=30,"1-30 Days Overdue",IF(TODAY()-D4<=60,"31-60 Days Overdue",IF(TODAY()-D4<=90,"61-90 Days Overdue","90+ Days Overdue"))))) -> Paid | J4: =IF(G4<=0,"Paid",IF(TODAY()<D4,"Upcoming","Overdue")) -> Paid | K4: =IF(I4="Paid","Payment completed",IF(I4="Not Yet Due","Schedule payment before due date",IF(I4="1-30 Days Overdue","Initiate payment immediately",IF(I4="31-60 Days Overdue","Urgent: contact vendor",IF(I4="61-90 Days Overdue","Escalate to Finance Manager","Legal / penalty risk"))))) -> Payment completed | L4: =IF(I4="Paid","-",IF(I4="Not Yet Due","Low",IF(I4="1-30 Days Overdue","Medium",IF(I4="31-60 Days Overdue","High","Critical")))) -> - | M4: NEFT
A5: INV-2003 | B5: Wipro Enterprises | C5: 2025-01-18 | D5: 2025-02-17 | E5: 74500 | F5: 0 | G5: =E5-F5 -> 74500 | H5: =IF(G5<=0,"-",IF(TODAY()>D5,TODAY()-D5,D5-TODAY())) -> -407 | I5: =IF(G5<=0,"Paid",IF(TODAY()<D5,"Not Yet Due",IF(TODAY()-D5<=30,"1-30 Days Overdue",IF(TODAY()-D5<=60,"31-60 Days Overdue",IF(TODAY()-D5<=90,"61-90 Days Overdue","90+ Days Overdue"))))) -> Not Yet Due | J5: =IF(G5<=0,"Paid",IF(TODAY()<D5,"Upcoming","Overdue")) -> Upcoming | K5: =IF(I5="Paid","Payment completed",IF(I5="Not Yet Due","Schedule payment before due date",IF(I5="1-30 Days Overdue","Initiate payment immediately",IF(I5="31-60 Days Overdue","Urgent: contact vendor",IF(I5="61-90 Days Overdue","Escalate to Finance Manager","Legal / penalty risk"))))) -> Schedule payment before due date | L5: =IF(I5="Paid","-",IF(I5="Not Yet Due","Low",IF(I5="1-30 Days Overdue","Medium",IF(I5="31-60 Days Overdue","High","Critical")))) -> Low | M5: RTGS
A6: INV-2004 | B6: L&T Construction | C6: 2025-01-22 | D6: 2025-02-21 | E6: 210000 | F6: 100000 | G6: =E6-F6 -> 110000 | H6: =IF(G6<=0,"-",IF(TODAY()>D6,TODAY()-D6,D6-TODAY())) -> -403 | I6: =IF(G6<=0,"Paid",IF(TODAY()<D6,"Not Yet Due",IF(TODAY()-D6<=30,"1-30 Days Overdue",IF(TODAY()-D6<=60,"31-60 Days Overdue",IF(TODAY()-D6<=90,"61-90 Days Overdue","90+ Days Overdue"))))) -> Not Yet Due | J6: =IF(G6<=0,"Paid",IF(TODAY()<D6,"Upcoming","Overdue")) -> Upcoming | K6: =IF(I6="Paid","Payment completed",IF(I6="Not Yet Due","Schedule payment before due date",IF(I6="1-30 Days Overdue","Initiate payment immediately",IF(I6="31-60 Days Overdue","Urgent: contact vendor",IF(I6="61-90 Days Overdue","Escalate to Finance Manager","Legal / penalty risk"))))) -> Schedule payment before due date | L6: =IF(I6="Paid","-",IF(I6="Not Yet Due","Low",IF(I6="1-30 Days Overdue","Medium",IF(I6="31-60 Days Overdue","High","Critical")))) -> Low | M6: RTGS
A7: INV-2005 | B7: HDFC Leasing | C7: 2025-02-01 | D7: 2025-03-02 | E7: 48000 | F7: 48000 | G7: =E7-F7 -> 0 | H7: =IF(G7<=0,"-",IF(TODAY()>D7,TODAY()-D7,D7-TODAY())) -> - | I7: =IF(G7<=0,"Paid",IF(TODAY()<D7,"Not Yet Due",IF(TODAY()-D7<=30,"1-30 Days Overdue",IF(TODAY()-D7<=60,"31-60 Days Overdue",IF(TODAY()-D7<=90,"61-90 Days Overdue","90+ Days Overdue"))))) -> Paid | J7: =IF(G7<=0,"Paid",IF(TODAY()<D7,"Upcoming","Overdue")) -> Paid | K7: =IF(I7="Paid","Payment completed",IF(I7="Not Yet Due","Schedule payment before due date",IF(I7="1-30 Days Overdue","Initiate payment immediately",IF(I7="31-60 Days Overdue","Urgent: contact vendor",IF(I7="61-90 Days Overdue","Escalate to Finance Manager","Legal / penalty risk"))))) -> Payment completed | L7: =IF(I7="Paid","-",IF(I7="Not Yet Due","Low",IF(I7="1-30 Days Overdue","Medium",IF(I7="31-60 Days Overdue","High","Critical")))) -> - | M7: Auto-Debit
A8: INV-2006 | B8: Siemens India | C8: 2025-02-05 | D8: 2025-03-06 | E8: 87000 | F8: 0 | G8: =E8-F8 -> 87000 | H8: =IF(G8<=0,"-",IF(TODAY()>D8,TODAY()-D8,D8-TODAY())) -> -390 | I8: =IF(G8<=0,"Paid",IF(TODAY()<D8,"Not Yet Due",IF(TODAY()-D8<=30,"1-30 Days Overdue",IF(TODAY()-D8<=60,"31-60 Days Overdue",IF(TODAY()-D8<=90,"61-90 Days Overdue","90+ Days Overdue"))))) -> Not Yet Due | J8: =IF(G8<=0,"Paid",IF(TODAY()<D8,"Upcoming","Overdue")) -> Upcoming | K8: =IF(I8="Paid","Payment completed",IF(I8="Not Yet Due","Schedule payment before due date",IF(I8="1-30 Days Overdue","Initiate payment immediately",IF(I8="31-60 Days Overdue","Urgent: contact vendor",IF(I8="61-90 Days Overdue","Escalate to Finance Manager","Legal / penalty risk"))))) -> Schedule payment before due date | L8: =IF(I8="Paid","-",IF(I8="Not Yet Due","Low",IF(I8="1-30 Days Overdue","Medium",IF(I8="31-60 Days Overdue","High","Critical")))) -> Low | M8: NEFT
A9: INV-2007 | B9: Asian Paints | C9: 2025-02-09 | D9: 2025-03-10 | E9: 165000 | F9: 165000 | G9: =E9-F9 -> 0 | H9: =IF(G9<=0,"-",IF(TODAY()>D9,TODAY()-D9,D9-TODAY())) -> - | I9: =IF(G9<=0,"Paid",IF(TODAY()<D9,"Not Yet Due",IF(TODAY()-D9<=30,"1-30 Days Overdue",IF(TODAY()-D9<=60,"31-60 Days Overdue",IF(TODAY()-D9<=90,"61-90 Days Overdue","90+ Days Overdue"))))) -> Paid | J9: =IF(G9<=0,"Paid",IF(TODAY()<D9,"Upcoming","Overdue")) -> Paid | K9: =IF(I9="Paid","Payment completed",IF(I9="Not Yet Due","Schedule payment before due date",IF(I9="1-30 Days Overdue","Initiate payment immediately",IF(I9="31-60 Days Overdue","Urgent: contact vendor",IF(I9="61-90 Days Overdue","Escalate to Finance Manager","Legal / penalty risk"))))) -> Payment completed | L9: =IF(I9="Paid","-",IF(I9="Not Yet Due","Low",IF(I9="1-30 Days Overdue","Medium",IF(I9="31-60 Days Overdue","High","Critical")))) -> - | M9: IMPS
A10: INV-2008 | B10: UltraTech Cement | C10: 2025-02-14 | D10: 2025-03-15 | E10: 36000 | F10: 0 | G10: =E10-F10 -> 36000 | H10: =IF(G10<=0,"-",IF(TODAY()>D10,TODAY()-D10,D10-TODAY())) -> -381 | I10: =IF(G10<=0,"Paid",IF(TODAY()<D10,"Not Yet Due",IF(TODAY()-D10<=30,"1-30 Days Overdue",IF(TODAY()-D10<=60,"31-60 Days Overdue",IF(TODAY()-D10<=90,"61-90 Days Overdue","90+ Days Overdue"))))) -> Not Yet Due | J10: =IF(G10<=0,"Paid",IF(TODAY()<D10,"Upcoming","Overdue")) -> Upcoming | K10: =IF(I10="Paid","Payment completed",IF(I10="Not Yet Due","Schedule payment before due date",IF(I10="1-30 Days Overdue","Initiate payment immediately",IF(I10="31-60 Days Overdue","Urgent: contact vendor",IF(I10="61-90 Days Overdue","Escalate to Finance Manager","Legal / penalty risk"))))) -> Schedule payment before due date | L10: =IF(I10="Paid","-",IF(I10="Not Yet Due","Low",IF(I10="1-30 Days Overdue","Medium",IF(I10="31-60 Days Overdue","High","Critical")))) -> Low | M10: NEFT
A11: INV-2009 | B11: Mahindra Logistics | C11: 2025-02-18 | D11: 2025-03-19 | E11: 119000 | F11: 60000 | G11: =E11-F11 -> 59000 | H11: =IF(G11<=0,"-",IF(TODAY()>D11,TODAY()-D11,D11-TODAY())) -> -377 | I11: =IF(G11<=0,"Paid",IF(TODAY()<D11,"Not Yet Due",IF(TODAY()-D11<=30,"1-30 Days Overdue",IF(TODAY()-D11<=60,"31-60 Days Overdue",IF(TODAY()-D11<=90,"61-90 Days Overdue","90+ Days Overdue"))))) -> Not Yet Due | J11: =IF(G11<=0,"Paid",IF(TODAY()<D11,"Upcoming","Overdue")) -> Upcoming | K11: =IF(I11="Paid","Payment completed",IF(I11="Not Yet Due","Schedule payment before due date",IF(I11="1-30 Days Overdue","Initiate payment immediately",IF(I11="31-60 Days Overdue","Urgent: contact vendor",IF(I11="61-90 Days Overdue","Escalate to Finance Manager","Legal / penalty risk"))))) -> Schedule payment before due date | L11: =IF(I11="Paid","-",IF(I11="Not Yet Due","Low",IF(I11="1-30 Days Overdue","Medium",IF(I11="31-60 Days Overdue","High","Critical")))) -> Low | M11: RTGS
A12: INV-2010 | B12: Sun Pharma Supplies | C12: 2025-02-22 | D12: 2025-03-23 | E12: 53000 | F12: 53000 | G12: =E12-F12 -> 0 | H12: =IF(G12<=0,"-",IF(TODAY()>D12,TODAY()-D12,D12-TODAY())) -> - | I12: =IF(G12<=0,"Paid",IF(TODAY()<D12,"Not Yet Due",IF(TODAY()-D12<=30,"1-30 Days Overdue",IF(TODAY()-D12<=60,"31-60 Days Overdue",IF(TODAY()-D12<=90,"61-90 Days Overdue","90+ Days Overdue"))))) -> Paid | J12: =IF(G12<=0,"Paid",IF(TODAY()<D12,"Upcoming","Overdue")) -> Paid | K12: =IF(I12="Paid","Payment completed",IF(I12="Not Yet Due","Schedule payment before due date",IF(I12="1-30 Days Overdue","Initiate payment immediately",IF(I12="31-60 Days Overdue","Urgent: contact vendor",IF(I12="61-90 Days Overdue","Escalate to Finance Manager","Legal / penalty risk"))))) -> Payment completed | L12: =IF(I12="Paid","-",IF(I12="Not Yet Due","Low",IF(I12="1-30 Days Overdue","Medium",IF(I12="31-60 Days Overdue","High","Critical")))) -> - | M12: NEFT
A13: INV-2011 | B13: Bajaj Electricals | C13: 2025-03-01 | D13: 2025-03-31 | E13: 67500 | F13: 0 | G13: =E13-F13 -> 67500 | H13: =IF(G13<=0,"-",IF(TODAY()>D13,TODAY()-D13,D13-TODAY())) -> -365 | I13: =IF(G13<=0,"Paid",IF(TODAY()<D13,"Not Yet Due",IF(TODAY()-D13<=30,"1-30 Days Overdue",IF(TODAY()-D13<=60,"31-60 Days Overdue",IF(TODAY()-D13<=90,"61-90 Days Overdue","90+ Days Overdue"))))) -> Not Yet Due | J13: =IF(G13<=0,"Paid",IF(TODAY()<D13,"Upcoming","Overdue")) -> Upcoming | K13: =IF(I13="Paid","Payment completed",IF(I13="Not Yet Due","Schedule payment before due date",IF(I13="1-30 Days Overdue","Initiate payment immediately",IF(I13="31-60 Days Overdue","Urgent: contact vendor",IF(I13="61-90 Days Overdue","Escalate to Finance Manager","Legal / penalty risk"))))) -> Schedule payment before due date | L13: =IF(I13="Paid","-",IF(I13="Not Yet Due","Low",IF(I13="1-30 Days Overdue","Medium",IF(I13="31-60 Days Overdue","High","Critical")))) -> Low | M13: Cheque
A14: INV-2012 | B14: Godrej Industries | C14: 2025-03-04 | D14: 2025-04-03 | E14: 89000 | F14: 89000 | G14: =E14-F14 -> 0 | H14: =IF(G14<=0,"-",IF(TODAY()>D14,TODAY()-D14,D14-TODAY())) -> - | I14: =IF(G14<=0,"Paid",IF(TODAY()<D14,"Not Yet Due",IF(TODAY()-D14<=30,"1-30 Days Overdue",IF(TODAY()-D14<=60,"31-60 Days Overdue",IF(TODAY()-D14<=90,"61-90 Days Overdue","90+ Days Overdue"))))) -> Paid | J14: =IF(G14<=0,"Paid",IF(TODAY()<D14,"Upcoming","Overdue")) -> Paid | K14: =IF(I14="Paid","Payment completed",IF(I14="Not Yet Due","Schedule payment before due date",IF(I14="1-30 Days Overdue","Initiate payment immediately",IF(I14="31-60 Days Overdue","Urgent: contact vendor",IF(I14="61-90 Days Overdue","Escalate to Finance Manager","Legal / penalty risk"))))) -> Payment completed | L14: =IF(I14="Paid","-",IF(I14="Not Yet Due","Low",IF(I14="1-30 Days Overdue","Medium",IF(I14="31-60 Days Overdue","High","Critical")))) -> - | M14: IMPS
... A22: INV-2020 | B22: Voltas Ltd | C22: 2025-03-27 | D22: 2025-04-26 | E22: 75000 | F22: 0 | G22: =E22-F22 -> 75000 | H22: =IF(G22<=0,"-",IF(TODAY()>D22,TODAY()-D22,D22-TODAY())) -> -339 | I22: =IF(G22<=0,"Paid",IF(TODAY()<D22,"Not Yet Due",IF(TODAY()-D22<=30,"1-30 Days Overdue",IF(TODAY()-D22<=60,"31-60 Days Overdue",IF(TODAY()-D22<=90,"61-90 Days Overdue","90+ Days Overdue"))))) -> Not Yet Due | J22: =IF(G22<=0,"Paid",IF(TODAY()<D22,"Upcoming","Overdue")) -> Upcoming | K22: =IF(I22="Paid","Payment completed",IF(I22="Not Yet Due","Schedule payment before due date",IF(I22="1-30 Days Overdue","Initiate payment immediately",IF(I22="31-60 Days Overdue","Urgent: contact vendor",IF(I22="61-90 Days Overdue","Escalate to Finance Manager","Legal / penalty risk"))))) -> Schedule payment before due date | L22: =IF(I22="Paid","-",IF(I22="Not Yet Due","Low",IF(I22="1-30 Days Overdue","Medium",IF(I22="31-60 Days Overdue","High","Critical")))) -> Low | M22: Cheque

Sheet Aging Analysis
A1: ACCOUNTS PAYABLE — AGING ANALYSIS SUMMARY
A2: Aging Bucket | B2: No. of Invoices | C2: Total Amount (₹) | D2: Amount Paid (₹) | E2: Balance Due (₹) | F2: % of Total AP | G2: Risk Level
A3: Paid | B3: =COUNTIF('Invoice Data'!I3:I22,"Paid") -> 7 | C3: =SUMIF('Invoice Data'!I3:I22,"Paid",'Invoice Data'!E3:E22) -> 727000 | D3: =SUMIF('Invoice Data'!I3:I22,"Paid",'Invoice Data'!F3:F22) -> 727000 | E3: =SUMIF('Invoice Data'!I3:I22,"Paid",'Invoice Data'!G3:G22) -> 0 | F3: =IFERROR(C3/C9,0) -> 0.37844872 | G3: None
A4: Not Yet Due | B4: =COUNTIF('Invoice Data'!I3:I22,"Not Yet Due") -> 13 | C4: =SUMIF('Invoice Data'!I3:I22,"Not Yet Due",'Invoice Data'!E3:E22) -> 1194000 | D4: =SUMIF('Invoice Data'!I3:I22,"Not Yet Due",'Invoice Data'!F3:F22) -> 310000 | E4: =SUMIF('Invoice Data'!I3:I22,"Not Yet Due",'Invoice Data'!G3:G22) -> 884000 | F4: =IFERROR(C4/C9,0) -> 0.62155128 | G4: Low
A5: 1-30 Days Overdue | B5: =COUNTIF('Invoice Data'!I3:I22,"1-30 Days Overdue") -> 0 | C5: =SUMIF('Invoice Data'!I3:I22,"1-30 Days Overdue",'Invoice Data'!E3:E22) -> 0 | D5: =SUMIF('Invoice Data'!I3:I22,"1-30 Days Overdue",'Invoice Data'!F3:F22) -> 0 | E5: =SUMIF('Invoice Data'!I3:I22,"1-30 Days Overdue",'Invoice Data'!G3:G22) -> 0 | F5: =IFERROR(C5/C9,0) -> 0 | G5: Medium
A6: 31-60 Days Overdue | B6: =COUNTIF('Invoice Data'!I3:I22,"31-60 Days Overdue") -> 0 | C6: =SUMIF('Invoice Data'!I3:I22,"31-60 Days Overdue",'Invoice Data'!E3:E22) -> 0 | D6: =SUMIF('Invoice Data'!I3:I22,"31-60 Days Overdue",'Invoice Data'!F3:F22) -> 0 | E6: =SUMIF('Invoice Data'!I3:I22,"31-60 Days Overdue",'Invoice Data'!G3:G22) -> 0 | F6: =IFERROR(C6/C9,0) -> 0 | G6: High
A7: 61-90 Days Overdue | B7: =COUNTIF('Invoice Data'!I3:I22,"61-90 Days Overdue") -> 0 | C7: =SUMIF('Invoice Data'!I3:I22,"61-90 Days Overdue",'Invoice Data'!E3:E22) -> 0 | D7: =SUMIF('Invoice Data'!I3:I22,"61-90 Days Overdue",'Invoice Data'!F3:F22) -> 0 | E7: =SUMIF('Invoice Data'!I3:I22,"61-90 Days Overdue",'Invoice Data'!G3:G22) -> 0 | F7: =IFERROR(C7/C9,0) -> 0 | G7: Very High
A8: 90+ Days Overdue | B8: =COUNTIF('Invoice Data'!I3:I22,"90+ Days Overdue") -> 0 | C8: =SUMIF('Invoice Data'!I3:I22,"90+ Days Overdue",'Invoice Data'!E3:E22) -> 0 | D8: =SUMIF('Invoice Data'!I3:I22,"90+ Days Overdue",'Invoice Data'!F3:F22) -> 0 | E8: =SUMIF('Invoice Data'!I3:I22,"90+ Days Overdue",'Invoice Data'!G3:G22) -> 0 | F8: =IFERROR(C8/C9,0) -> 0 | G8: Critical
A9: TOTAL | B9: =SUM(B3:B8) -> 20 | C9: =SUM(C3:C8) -> 1921000 | D9: =SUM(D3:D8) -> 1037000 | E9: =SUM(E3:E8) -> 884000 | F9: =IF(C9=0,"-","100%") -> 100% | G9: -

Sheet Vendor Ledger
A1: VENDOR LEDGER — PAYABLE SUMMARY
A2: Vendor Name | B2: No. of Invoices | C2: Total Invoiced (₹) | D2: Total Paid (₹) | E2: Outstanding (₹) | F2: Last Payment Date | G2: Credit Terms | H2: Vendor Category
A3: Tata Steel Ltd | B3: =COUNTIF('Invoice Data'!B3:B22,A3) -> 1 | C3: =SUMIF('Invoice Data'!B3:B22,A3,'Invoice Data'!E3:E22) -> 92000 | D3: =SUMIF('Invoice Data'!B3:B22,A3,'Invoice Data'!F3:F22) -> 92000 | E3: =C3-D3 -> 0 | F3: 2025-02-07 | G3: Net 30 | H3: Raw Material
A4: Infosys BPO | B4: =COUNTIF('Invoice Data'!B3:B22,A4) -> 1 | C4: =SUMIF('Invoice Data'!B3:B22,A4,'Invoice Data'!E3:E22) -> 135000 | D4: =SUMIF('Invoice Data'!B3:B22,A4,'Invoice Data'!F3:F22) -> 135000 | E4: =C4-D4 -> 0 | F4: 2025-02-11 | G4: Net 30 | H4: IT Services
A5: Wipro Enterprises | B5: =COUNTIF('Invoice Data'!B3:B22,A5) -> 1 | C5: =SUMIF('Invoice Data'!B3:B22,A5,'Invoice Data'!E3:E22) -> 74500 | D5: =SUMIF('Invoice Data'!B3:B22,A5,'Invoice Data'!F3:F22) -> 0 | E5: =C5-D5 -> 74500 | F5: - | G5: Net 30 | H5: IT Services
A6: L&T Construction | B6: =COUNTIF('Invoice Data'!B3:B22,A6) -> 1 | C6: =SUMIF('Invoice Data'!B3:B22,A6,'Invoice Data'!E3:E22) -> 210000 | D6: =SUMIF('Invoice Data'!B3:B22,A6,'Invoice Data'!F3:F22) -> 100000 | E6: =C6-D6 -> 110000 | F6: 2025-02-21 | G6: Net 45 | H6: Infrastructure
A7: HDFC Leasing | B7: =COUNTIF('Invoice Data'!B3:B22,A7) -> 1 | C7: =SUMIF('Invoice Data'!B3:B22,A7,'Invoice Data'!E3:E22) -> 48000 | D7: =SUMIF('Invoice Data'!B3:B22,A7,'Invoice Data'!F3:F22) -> 48000 | E7: =C7-D7 -> 0 | F7: 2025-03-02 | G7: Net 30 | H7: Finance & Leasing
A8: Siemens India | B8: =COUNTIF('Invoice Data'!B3:B22,A8) -> 1 | C8: =SUMIF('Invoice Data'!B3:B22,A8,'Invoice Data'!E3:E22) -> 87000 | D8: =SUMIF('Invoice Data'!B3:B22,A8,'Invoice Data'!F3:F22) -> 0 | E8: =C8-D8 -> 87000 | F8: - | G8: Net 45 | H8: Equipment
A9: Asian Paints | B9: =COUNTIF('Invoice Data'!B3:B22,A9) -> 1 | C9: =SUMIF('Invoice Data'!B3:B22,A9,'Invoice Data'!E3:E22) -> 165000 | D9: =SUMIF('Invoice Data'!B3:B22,A9,'Invoice Data'!F3:F22) -> 165000 | E9: =C9-D9 -> 0 | F9: 2025-03-10 | G9: Net 30 | H9: Raw Material
A10: UltraTech Cement | B10: =COUNTIF('Invoice Data'!B3:B22,A10) -> 1 | C10: =SUMIF('Invoice Data'!B3:B22,A10,'Invoice Data'!E3:E22) -> 36000 | D10: =SUMIF('Invoice Data'!B3:B22,A10,'Invoice Data'!F3:F22) -> 0 | E10: =C10-D10 -> 36000 | F10: - | G10: Net 30 | H10: Raw Material
A11: Mahindra Logistics | B11: =COUNTIF('Invoice Data'!B3:B22,A11) -> 1 | C11: =SUMIF('Invoice Data'!B3:B22,A11,'Invoice Data'!E3:E22) -> 119000 | D11: =SUMIF('Invoice Data'!B3:B22,A11,'Invoice Data'!F3:F22) -> 60000 | E11: =C11-D11 -> 59000 | F11: 2025-03-19 | G11: Net 30 | H11: Logistics
A12: Sun Pharma Supplies | B12: =COUNTIF('Invoice Data'!B3:B22,A12) -> 1 | C12: =SUMIF('Invoice Data'!B3:B22,A12,'Invoice Data'!E3:E22) -> 53000 | D12: =SUMIF('Invoice Data'!B3:B22,A12,'Invoice Data'!F3:F22) -> 53000 | E12: =C12-D12 -> 0 | F12: 2025-03-23 | G12: Net 30 | H12: Pharma Supplies
A13: Bajaj Electricals | B13: =COUNTIF('Invoice Data'!B3:B22,A13) -> 1 | C13: =SUMIF('Invoice Data'!B3:B22,A13,'Invoice Data'!E3:E22) -> 67500 | D13: =SUMIF('Invoice Data'!B3:B22,A13,'Invoice Data'!F3:F22) -> 0 | E13: =C13-D13 -> 67500 | F13: - | G13: Net 45 | H13: Equipment
A14: Godrej Industries | B14: =COUNTIF('Invoice Data'!B3:B22,A14) -> 1 | C14: =SUMIF('Invoice Data'!B3:B22,A14,'Invoice Data'!E3:E22) -> 89000 | D14: =SUMIF('Invoice Data'!B3:B22,A14,'Invoice Data'!F3:F22) -> 89000 | E14: =C14-D14 -> 0 | F14: 2025-04-03 | G14: Net 30 | H14: Consumer Goods
A15: Pidilite Industries | B15: =COUNTIF('Invoice Data'!B3:B22,A15) -> 1 | C15: =SUMIF('Invoice Data'!B3:B22,A15,'Invoice Data'!E3:E22) -> 42000 | D15: =SUMIF('Invoice Data'!B3:B22,A15,'Invoice Data'!F3:F22) -> 0 | E15: =C15-D15 -> 42000 | F15: - | G15: Net 30 | H15: Raw Material
A16: Hindustan Zinc | B16: =COUNTIF('Invoice Data'!B3:B22,A16) -> 1 | C16: =SUMIF('Invoice Data'!B3:B22,A16,'Invoice Data'!E3:E22) -> 178000 | D16: =SUMIF('Invoice Data'!B3:B22,A16,'Invoice Data'!F3:F22) -> 100000 | E16: =C16-D16 -> 78000 | F16: 2025-04-09 | G16: Net 45 | H16: Raw Material
A17: Bharat Petroleum | B17: =COUNTIF('Invoice Data'!B3:B22,A17) -> 1 | C17: =SUMIF('Invoice Data'!B3:B22,A17,'Invoice Data'!E3:E22) -> 61000 | D17: =SUMIF('Invoice Data'!B3:B22,A17,'Invoice Data'!F3:F22) -> 0 | E17: =C17-D17 -> 61000 | F17: - | G17: Net 30 | H17: Fuel & Energy
A18: NTPC Vendors | B18: =COUNTIF('Invoice Data'!B3:B22,A18) -> 1 | C18: =SUMIF('Invoice Data'!B3:B22,A18,'Invoice Data'!E3:E22) -> 94000 | D18: =SUMIF('Invoice Data'!B3:B22,A18,'Invoice Data'!F3:F22) -> 0 | E18: =C18-D18 -> 94000 | F18: - | G18: Net 45 | H18: Utilities
A19: JSW Steel | B19: =COUNTIF('Invoice Data'!B3:B22,A19) -> 1 | C19: =SUMIF('Invoice Data'!B3:B22,A19,'Invoice Data'!E3:E22) -> 145000 | D19: =SUMIF('Invoice Data'!B3:B22,A19,'Invoice Data'!F3:F22) -> 145000 | E19: =C19-D19 -> 0 | F19: 2025-04-18 | G19: Net 45 | H19: Raw Material
A20: Crompton Greaves | B20: =COUNTIF('Invoice Data'!B3:B22,A20) -> 1 | C20: =SUMIF('Invoice Data'!B3:B22,A20,'Invoice Data'!E3:E22) -> 38000 | D20: =SUMIF('Invoice Data'!B3:B22,A20,'Invoice Data'!F3:F22) -> 0 | E20: =C20-D20 -> 38000 | F20: - | G20: Net 30 | H20: Equipment
A21: ABB India | B21: =COUNTIF('Invoice Data'!B3:B22,A21) -> 1 | C21: =SUMIF('Invoice Data'!B3:B22,A21,'Invoice Data'!E3:E22) -> 112000 | D21: =SUMIF('Invoice Data'!B3:B22,A21,'Invoice Data'!F3:F22) -> 50000 | E21: =C21-D21 -> 62000 | F21: 2025-04-23 | G21: Net 45 | H21: Equipment
A22: Voltas Ltd | B22: =COUNTIF('Invoice Data'!B3:B22,A22) -> 1 | C22: =SUMIF('Invoice Data'!B3:B22,A22,'Invoice Data'!E3:E22) -> 75000 | D22: =SUMIF('Invoice Data'!B3:B22,A22,'Invoice Data'!F3:F22) -> 0 | E22: =C22-D22 -> 75000 | F22: - | G22: Net 30 | H22: HVAC & Services
A23: TOTAL | B23: =SUM(B3:B22) -> 20 | C23: =SUM(C3:C22) -> 1921000 | D23: =SUM(D3:D22) -> 1037000 | E23: =SUM(E3:E22) -> 884000 | F23: - | G23: - | H23: -

Sheet MIS Dashboard
A1: ACCOUNTS PAYABLE — MIS DASHBOARD
A3: KEY PERFORMANCE INDICATORS
A4: Total Vendors | D4: Total Invoices
A5: =COUNTA('Vendor Ledger'!A3:A22) -> 20 | D5: =COUNTA('Invoice Data'!A3:A22) -> 20
A7: Total AP Value (₹) | D7: Total Paid (₹)
A8: =SUM('Invoice Data'!E3:E22) -> 1921000 | D8: =SUM('Invoice Data'!F3:F22) -> 1037000
A10: Total Outstanding (₹) | D10: Payment Rate (%)
A11: =SUM('Invoice Data'!G3:G22) -> 884000 | D11: =IFERROR(SUM('Invoice Data'!F3:F22)/SUM('Invoice Data'!E3:E22),0) -> 0.53982301
A13: Overdue Invoices | D13: Invoices Paid
A14: =COUNTIF('Invoice Data'!J3:J22,"Overdue") -> 0 | D14: =COUNTIF('Invoice Data'!J3:J22,"Paid") -> 7
A16: Invoices Upcoming | D16: Avg Invoice Value (₹)
A17: =COUNTIF('Invoice Data'!J3:J22,"Upcoming") -> 13 | D17: =IFERROR(SUM('Invoice Data'!E3:E22)/COUNTA('Invoice Data'!A3:A22),0) -> 96050
A19: Critical Priority Count | D19: High Priority Count
A20: =COUNTIF('Invoice Data'!L3:L22,"Critical") -> 0 | D20: =COUNTIF('Invoice Data'!L3:L22,"High") -> 0
A24: OUTSTANDING BY VENDOR CATEGORY
A25: Category | B25: No. of Vendors | C25: Total Outstanding (₹) | D25: % Share
A26: Raw Material | B26: =COUNTIF('Vendor Ledger'!H3:H22,A26) -> 6 | C26: =SUMIF('Vendor Ledger'!H3:H22,A26,'Vendor Ledger'!E3:E22) -> 156000 | D26: =IFERROR(C26/SUM(C26:C36),0) -> 0.17647059
A27: IT Services | B27: =COUNTIF('Vendor Ledger'!H3:H22,A27) -> 2 | C27: =SUMIF('Vendor Ledger'!H3:H22,A27,'Vendor Ledger'!E3:E22) -> 74500 | D27: =IFERROR(C27/SUM(C26:C36),0) -> 0.084276018
A28: Infrastructure | B28: =COUNTIF('Vendor Ledger'!H3:H22,A28) -> 1 | C28: =SUMIF('Vendor Ledger'!H3:H22,A28,'Vendor Ledger'!E3:E22) -> 110000 | D28: =IFERROR(C28/SUM(C26:C36),0) -> 0.12443439
A29: Equipment | B29: =COUNTIF('Vendor Ledger'!H3:H22,A29) -> 4 | C29: =SUMIF('Vendor Ledger'!H3:H22,A29,'Vendor Ledger'!E3:E22) -> 254500 | D29: =IFERROR(C29/SUM(C26:C36),0) -> 0.28789593
A30: Logistics | B30: =COUNTIF('Vendor Ledger'!H3:H22,A30) -> 1 | C30: =SUMIF('Vendor Ledger'!H3:H22,A30,'Vendor Ledger'!E3:E22) -> 59000 | D30: =IFERROR(C30/SUM(C26:C36),0) -> 0.066742081
A31: Finance & Leasing | B31: =COUNTIF('Vendor Ledger'!H3:H22,A31) -> 1 | C31: =SUMIF('Vendor Ledger'!H3:H22,A31,'Vendor Ledger'!E3:E22) -> 0 | D31: =IFERROR(C31/SUM(C26:C36),0) -> 0
A32: Fuel & Energy | B32: =COUNTIF('Vendor Ledger'!H3:H22,A32) -> 1 | C32: =SUMIF('Vendor Ledger'!H3:H22,A32,'Vendor Ledger'!E3:E22) -> 61000 | D32: =IFERROR(C32/SUM(C26:C36),0) -> 0.069004525
A33: Utilities | B33: =COUNTIF('Vendor Ledger'!H3:H22,A33) -> 1 | C33: =SUMIF('Vendor Ledger'!H3:H22,A33,'Vendor Ledger'!E3:E22) -> 94000 | D33: =IFERROR(C33/SUM(C26:C36),0) -> 0.10633484
A34: Pharma Supplies | B34: =COUNTIF('Vendor Ledger'!H3:H22,A34) -> 1 | C34: =SUMIF('Vendor Ledger'!H3:H22,A34,'Vendor Ledger'!E3:E22) -> 0 | D34: =IFERROR(C34/SUM(C26:C36),0) -> 0
A35: Consumer Goods | B35: =COUNTIF('Vendor Ledger'!H3:H22,A35) -> 1 | C35: =SUMIF('Vendor Ledger'!H3:H22,A35,'Vendor Ledger'!E3:E22) -> 0 | D35: =IFERROR(C35/SUM(C26:C36),0) -> 0
A36: HVAC & Services | B36: =COUNTIF('Vendor Ledger'!H3:H22,A36) -> 1 | C36: =SUMIF('Vendor Ledger'!H3:H22,A36,'Vendor Ledger'!E3:E22) -> 75000 | D36: =IFERROR(C36/SUM(C26:C36),0) -> 0.084841629
